gen-l-vrt-222-020,192.168.0.20
gen-l-vrt-222-021,192.168.0.21
gen-l-vrt-222-022,192.168.0.22
gen-l-vrt-222-023,192.168.0.23
gen-l-vrt-222-024,192.168.0.24
gen-l-vrt-222-025,192.168.0.25
gen-l-vrt-222-026,192.168.0.26
gen-l-vrt-222-027,192.168.0.27
gen-l-vrt-222-028,192.168.0.28
gen-l-vrt-222-029,192.168.0.29
gen-l-vrt-222-030,192.168.0.30
gen-l-vrt-222-031,192.168.0.31
gen-l-vrt-222-032,192.168.0.32
gen-l-vrt-222-033,192.168.0.33
gen-l-vrt-222-034,192.168.0.34
gen-l-vrt-222-035,192.168.0.35
gen-l-vrt-222-036,192.168.0.36
gen-l-vrt-222-037,192.168.0.37
gen-l-vrt-222-038,192.168.0.38
gen-l-vrt-222-039,192.168.0.39
gen-l-vrt-222-040,192.168.0.40
gen-l-vrt-222-041,192.168.0.41
gen-l-vrt-222-042,192.168.0.42
gen-l-vrt-222-043,192.168.0.43
gen-l-vrt-222-044,192.168.0.44
gen-l-vrt-222-045,192.168.0.45
gen-l-vrt-222-046,192.168.0.46
gen-l-vrt-222-047,192.168.0.47
gen-l-vrt-222-048,192.168.0.48
gen-l-vrt-222-049,192.168.0.49

