gen-l-vrt-232-040,192.168.100.40
gen-l-vrt-232-041,192.168.100.41
gen-l-vrt-232-042,192.168.100.42
gen-l-vrt-232-043,192.168.100.43
gen-l-vrt-232-044,192.168.100.44
gen-l-vrt-232-045,192.168.100.45
gen-l-vrt-232-046,192.168.100.46
gen-l-vrt-232-047,192.168.100.47
gen-l-vrt-232-048,192.168.100.48
gen-l-vrt-232-049,192.168.100.49
gen-l-vrt-232-050,192.168.100.50
gen-l-vrt-232-051,192.168.100.51
gen-l-vrt-232-052,192.168.100.52
gen-l-vrt-232-053,192.168.100.53
gen-l-vrt-232-054,192.168.100.54
gen-l-vrt-232-055,192.168.100.55
gen-l-vrt-232-056,192.168.100.56
gen-l-vrt-232-057,192.168.100.57
gen-l-vrt-232-058,192.168.100.58
gen-l-vrt-232-059,192.168.100.59
gen-l-vrt-232-060,192.168.100.60
gen-l-vrt-232-061,192.168.100.61
gen-l-vrt-232-062,192.168.100.62
gen-l-vrt-232-063,192.168.100.63
gen-l-vrt-232-064,192.168.100.64
gen-l-vrt-232-065,192.168.100.65
gen-l-vrt-232-066,192.168.100.66
gen-l-vrt-232-067,192.168.100.67
gen-l-vrt-232-068,192.168.100.68
gen-l-vrt-232-069,192.168.100.69
